¿ ¿ Fia 1
Necesita necesitar VMIP3S0 0.98913
un uno DI0MS0 0.987295
Servicio_Tecnico_Balay servicio_tecnico_balay NP00000 1
en en SPS00 1
A_Coruña a_coruña NP00000 1
? ? Fit 1

Pues pues CS 0.998047
lo lo PP3CNA00 0.271177
ha haber VAIP3S0 0.999255
encontrado encontrar VMP00SM 1
, , Fc 1
estamos estar VAIP1P0 1
especializados especializar VMP00PM 1
en en SPS00 1
todo todo DI0MS0 0.560961
tipo tipo NCMS000 1
de de SPS00 0.999984
electrodomésticos electrodoméstico NCMP000 0.432737
de de SPS00 0.999984
la el DA0FS0 0.972269
marca marca NCFS000 0.972603
Balay balay NP00000 1
ya_que ya_que CS 1
somos ser VSIP1P0 1
pioneros pionero AQ0MP0 0.50727
en en SPS00 1
reparaciones reparación NCFP000 1
de de SPS00 0.999984
electrodomésticos electrodoméstico NCMP000 0.432737
Balay balay NP00000 1
en en SPS00 1
A_Coruña a_coruña NP00000 1
, , Fc 1
con con SPS00 1
mas mas CC 0.699537
18 18 Z 1
años año NCMP000 1
de de SPS00 0.999984
experiencia experiencia NCFS000 1
en en SPS00 1
todo todo DI0MS0 0.560961
el el DA0MS0 1
sector sector NCMS000 1
. . Fp 1

Disponemos disponer VMIP1P0 1
de de SPS00 0.999984
técnicos técnico AQ0MP0 0.5
especialistas especialista NCCP000 0.557044
muy muy RG 1
cerca cerca RG 0.968085
de de SPS00 0.999984
su su DP3CS0 1
hogar hogar NCMS000 1
para para SPS00 0.999103
poder poder VMN0000 0.281746
poner poner VMN0000 1
le le PP3CSD00 1
una uno DI0FS0 0.951575
solución solución NCFS000 1
a a SPS00 0.996023
cualquier cualquiera DI0CS0 1
problema problema NCMS000 1
que que PR0CN000 0.562517
pueda poder VMSP1S0 0.496933
presentar presentar VMN0000 1
su su DP3CS0 1
electrodomésticos electrodoméstico NCMP000 0.432737
Balay balay NP00000 1
, , Fc 1
ya ya RG 0.999395
sea ser VSSP1S0 0.487293
reparacion reparacion VMIS3P0 0.923476
de de SPS00 0.999984
lavadora lavadora NCFS000 0.414738
Balay balay NP00000 1
, , Fc 1
reparacion reparacion VMIS3P0 0.923476
de de SPS00 0.999984
lavavajillas lavavajillas NCMN000 1
Balay balay NP00000 1
, , Fc 1
reparacion reparacion VMIS3P0 0.923476
de de SPS00 0.999984
frigorífico frigorífico NCMS000 0.49273
Balay balay NP00000 1
, , Fc 1
reparacion reparacion VMIS3P0 0.923476
de de SPS00 0.999984
encimera encimera NCFS000 0.393047
Balay balay NP00000 1
en en SPS00 1
A_Coruña a_coruña NP00000 1
etc. etcétera Fs 1
Llame llamar VMM03S0 1
nos nos PP1CP000 1
ahora ahora RG 1
y y CC 0.999962
nos nos PP1CP000 0.935743
deplazaremos deplazaremos VMIF1P0 1
a a SPS00 0.996023
su su DP3CS0 1
domicilio domicilio NCMS000 0.973497
de de SPS00 0.999984
inmediato inmediato AQ0MS0 1
sin sin SPS00 1
recargo recargo NCMS000 0.973497
aBalayuno abalayuno NCMS000 1
en en SPS00 1
el el DA0MS0 1
precio precio NCMS000 0.97619
. . Fp 1

Nuestros nuestro DP1MPP 0.866379
precios precio NCMP000 1
son ser VSIP3P0 0.988842
asequibles asequible AQ0CP0 1
y y CC 0.999962
económicos económico AQ0MP0 1
. . Fp 1

Como como CS 0.999289
sinónimo sinónimo NCMS000 0.642682
de de SPS00 0.999984
garantía garantía NCFS000 0.948767
y y CC 0.999962
transparencia transparencia NCFS000 1
facilitamos facilitar VMIP1P0 0.625011
Garantías garantías NP00000 1
de de SPS00 0.999984
3 3 Z 1
meses mes NCMP000 0.992424
por por SPS00 1
escrito escribir VMP00SM 0.991071
en en SPS00 1
todas todo DI0FP0 0.950949
y y CC 0.999962
cada cada DI0CS0 1
una uno PI0FS000 0.0267135
de de SPS00 0.999984
nuestras nuestro DP1FPP 0.994186
reparaciones reparación NCFP000 1
. . Fp 1

Servicio_Técnico_Balay_A_Coruña_Asistencia_Técnica_Balay_A_Coruña_Avería_Balay_A_Coruña_Reparación_Balay_A_Coruña_Llámenos servicio_técnico_balay_a_coruña_asistencia_técnica_balay_a_coruña_avería_balay_a_coruña_reparación_balay_a_coruña_llámenos NP00000 1
y y CC 0.999962
deje deje NCMS000 0.61904
de de SPS00 0.999984
preocuparese preocuparese VMSP3S0 1
: : Fd 1
( ( Fpa 1
móvil móvil NCMS000 0.58648
directo directo AQ0MS0 0.97619
a a SPS00 0.996023
Técnico técnico NP00000 1
) ) Fpt 1
: : Fd 1
981121708 981121708 Z 1
  Fz 1
676850428-902110735 676850428-902110735 Z 1
. . Fp 1

Servicio_Técnico servicio_técnico NP00000 1
lavadoras lavadora NCFP000 0.411969
Balay_A_Coruña balay_a_coruña NP00000 1
, , Fc 1
Servicio_Técnico servicio_técnico NP00000 1
lavavajillas lavavajillas NCMN000 1
Balay_A_Coruña balay_a_coruña NP00000 1
, , Fc 1
Servicio_Técnico servicio_técnico NP00000 1
vitrocerámicas vitrocerámicas AQ0FP0 1
Balay_A_Coruña balay_a_coruña NP00000 1
, , Fc 1
Servicio_Técnico servicio_técnico NP00000 1
secadoras secadora NCFP000 0.411969
Balay_A_Coruña balay_a_coruña NP00000 1
, , Fc 1
Servicio_Técnico servicio_técnico NP00000 1
neveras nevera NCFP000 1
Balay_A_Coruña balay_a_coruña NP00000 1
, , Fc 1
Servicio_Técnico servicio_técnico NP00000 1
frigoríficos frigorífico NCMP000 0.595345
Balay_A_Coruña balay_a_coruña NP00000 1
. . Fp 1

Llame llamar VMM03S0 1
nos nos PP1CP000 1
para para SPS00 0.999103
reparar reparar VMN0000 1
toda todo DI0FS0 0.982026
la el DA0FS0 0.972269
Gama_Blanca gama_blanca NP00000 1
de de SPS00 0.999984
: : Fd 1
Lavadoras_Balay lavadoras_balay NP00000 1
, , Fc 1
Secadoras_Balay secadoras_balay NP00000 1
, , Fc 1
lavavajillas lavavajillas NCMN000 1
Balay balay NP00000 1
, , Fc 1
Frigorificos_Balay frigorificos_balay NP00000 1
, , Fc 1
horno horno NCMS000 1
pirolitico pirolitico AQ0MS0 0.806828
Balay balay NP00000 1
, , Fc 1
frigorifico frigorifico VMIP1S0 0.0666217
dos 2 Z 0.991679
puertas puerta NCFP000 1
Balay balay NP00000 1
, , Fc 1
frigorifico frigorifico NCMS000 0.466441
americano americano AQ0MS0 0.986111
Balay balay NP00000 1
, , Fc 1
congeladores congelador NCMP000 0.642703
horizontal horizontal AQ0CS0 0.657262
no-frost no-frost NCMS000 1
, , Fc 1
frigorifico frigorifico NCMS000 0.466441
americano americano AQ0MS0 0.986111
no-frost no-frost NCMS000 1
Balay balay NP00000 1
, , Fc 1
secadora secador AQ0FS0 0.585262
de de SPS00 0.999984
condensacion condensacion VMIS3P0 0.923476
Balay balay NP00000 1
, , Fc 1
secadora secadora NCFS000 0.414738
Balay balay NP00000 1
, , Fc 1
placa placa NCFS000 1
vitroceramica vitroceramica AQ0FS0 0.884532
induccion induccion VMIS3P0 0.923476
Balay balay NP00000 1
, , Fc 1
congeladores congelador NCMP000 0.642703
Balay balay NP00000 1
, , Fc 1
lavaplatos lavaplatos NCMN000 1
Balay balay NP00000 1
, , Fc 1
induccion induccion VMIS3P0 0.923476
Balay balay NP00000 1
, , Fc 1
vitroceramica vitroceramica AQ0FS0 0.884532
Balay balay NP00000 1
, , Fc 1
hornos horno NCMP000 1
Balay balay NP00000 1
. . Fp 1

Prestamos prestar VMIS1P0 0.648482
servicio servicio NCMS000 1
en en SPS00 1
las el DA0FP0 0.970954
siguientes siguiente AQ0CP0 1
localidades localidad NCFP000 1
: : Fd 1
Servicio_Técnico_Balay servicio_técnico_balay NP00000 1
en en SPS00 1
Cristobal cristobal NP00000 1
de de SPS00 0.999984
viás viás RG 0.979215
Servicio_Técnico_Balay servicio_técnico_balay NP00000 1
en en SPS00 1
Santiago santiago NP00000 1
de de SPS00 0.999984
compostela compostela NCFS000 1
Servicio_Técnico_Balay servicio_técnico_balay NP00000 1
en en SPS00 1
A_CORUÑA_Servicio_Técnico_Balay a_coruña_servicio_técnico_balay NP00000 1
en en SPS00 1
Ponferrada_Servicio_Técnico_Balay ponferrada_servicio_técnico_balay NP00000 1
en en SPS00 1
A_LARACHA_Servicio_Técnico_Balay a_laracha_servicio_técnico_balay NP00000 1
en en SPS00 1
A_PIÑA_Servicio_Técnico_Balay a_piña_servicio_técnico_balay NP00000 1
en en SPS00 1
A_VIÑA_Servicio_Técnico_Balay a_viña_servicio_técnico_balay NP00000 1
en en SPS00 1
ABADE_Servicio_Técnico_Balay abade_servicio_técnico_balay NP00000 1
en en SPS00 1
ABEGONDO_Servicio_Técnico_Balay abegondo_servicio_técnico_balay NP00000 1
en en SPS00 1
ABELLA_Servicio_Técnico_Balay abella_servicio_técnico_balay NP00000 1
en en SPS00 1
ABELLEIRA_Servicio_Técnico_Balay abelleira_servicio_técnico_balay NP00000 1
en en SPS00 1
AÑA_Servicio_Técnico_Balay aña_servicio_técnico_balay NP00000 1
en en SPS00 1
ANDEIRO_Servicio_Técnico_Balay andeiro_servicio_técnico_balay NP00000 1
en en SPS00 1
ANGUSTIA_Servicio_Técnico_Balay angustia_servicio_técnico_balay NP00000 1
en en SPS00 1
ARDAÑA_Servicio_Técnico_Balay ardaña_servicio_técnico_balay NP00000 1
en en SPS00 1
ARTEIXO_Servicio_Técnico_Balay arteixo_servicio_técnico_balay NP00000 1
en en SPS00 1
AS_ESCOBRAS_Servicio_Técnico_Balay as_escobras_servicio_técnico_balay NP00000 1
en en SPS00 1
BABIO_Servicio_Técnico_Balay babio_servicio_técnico_balay NP00000 1
en en SPS00 1
BARCALA_Servicio_Técnico_Balay barcala_servicio_técnico_balay NP00000 1
en en SPS00 1
BARCULA_Servicio_Técnico_Balay barcula_servicio_técnico_balay NP00000 1
en en SPS00 1
BARDAOS_Servicio_Técnico_Balay bardaos_servicio_técnico_balay NP00000 1
en en SPS00 1
BARRAÑAN_Servicio_Técnico_Balay barrañan_servicio_técnico_balay NP00000 1
en en SPS00 1
BERDIA_Servicio_Técnico_Balay berdia_servicio_técnico_balay NP00000 1
en en SPS00 1
BERGONDO_Servicio_Técnico_Balay bergondo_servicio_técnico_balay NP00000 1
en en SPS00 1
BERTOA_Servicio_Técnico_Balay bertoa_servicio_técnico_balay NP00000 1
en en SPS00 1
BETANZOS_Servicio_Técnico_Balay betanzos_servicio_técnico_balay NP00000 1
en en SPS00 1
BRAÑAS_Servicio_Técnico_Balay brañas_servicio_técnico_balay NP00000 1
en en SPS00 1
BRIDES_Servicio_Técnico_Balay brides_servicio_técnico_balay NP00000 1
en en SPS00 1
BUAZO_Servicio_Técnico_Balay buazo_servicio_técnico_balay NP00000 1
en en SPS00 1
BUDIÑO_Servicio_Técnico_Balay budiño_servicio_técnico_balay NP00000 1
en en SPS00 1
CABANAS_Servicio_Técnico_Balay cabanas_servicio_técnico_balay NP00000 1
en en SPS00 1
CABOVILAÑOS_Servicio_Técnico_Balay cabovilaños_servicio_técnico_balay NP00000 1
en en SPS00 1
CACHEIRAS_Servicio_Técnico_Balay cacheiras_servicio_técnico_balay NP00000 1
en en SPS00 1
CAION_Servicio_Técnico_Balay caion_servicio_técnico_balay NP00000 1
en en SPS00 1
CALLOBRE_Servicio_Técnico_Balay callobre_servicio_técnico_balay NP00000 1
en en SPS00 1
CAMBRE_Servicio_Técnico_Balay cambre_servicio_técnico_balay NP00000 1
en en SPS00 1
CAÑAS_Servicio_Técnico_Balay cañas_servicio_técnico_balay NP00000 1
en en SPS00 1
CANCES_Servicio_Técnico_Balay cances_servicio_técnico_balay NP00000 1
en en SPS00 1
CANDO_Servicio_Técnico_Balay cando_servicio_técnico_balay NP00000 1
en en SPS00 1
CARRAL_Servicio_Técnico_Balay carral_servicio_técnico_balay NP00000 1
en en SPS00 1
CARRES_Servicio_Técnico_Balay carres_servicio_técnico_balay NP00000 1
en en SPS00 1
CASTIÑEIRO_Servicio_Técnico_Balay castiñeiro_servicio_técnico_balay NP00000 1
en en SPS00 1
CASTRELO_Servicio_Técnico_Balay castrelo_servicio_técnico_balay NP00000 1
en en SPS00 1
CERCEDA_Servicio_Técnico_Balay cerceda_servicio_técnico_balay NP00000 1
en en SPS00 1
CESURAS_Servicio_Técnico_Balay cesuras_servicio_técnico_balay NP00000 1
en en SPS00 1
COIRO_Servicio_Técnico_Balay coiro_servicio_técnico_balay NP00000 1
en en SPS00 1
COIROS_Servicio_Técnico_Balay coiros_servicio_técnico_balay NP00000 1
en en SPS00 1
COLLANTRES_Servicio_Técnico_Balay collantres_servicio_técnico_balay NP00000 1
en en SPS00 1
COMPAÑEIRO_Servicio_Técnico_Balay compañeiro_servicio_técnico_balay NP00000 1
en en SPS00 1
CORCOESTO_Servicio_Técnico_Balay corcoesto_servicio_técnico_balay NP00000 1
en en SPS00 1
CULLEREDO_Servicio_Técnico_Balay culleredo_servicio_técnico_balay NP00000 1
en en SPS00 1
DEXO_Servicio_Técnico_Balay dexo_servicio_técnico_balay NP00000 1
en en SPS00 1
DORDAÑO_Servicio_Técnico_Balay dordaño_servicio_técnico_balay NP00000 1
en en SPS00 1
ENFESTA_Servicio_Técnico_Balay enfesta_servicio_técnico_balay NP00000 1
en en SPS00 1
ERBOEDO_Servicio_Técnico_Balay erboedo_servicio_técnico_balay NP00000 1
en en SPS00 1
FIGUEIRAS_Servicio_Técnico_Balay figueiras_servicio_técnico_balay NP00000 1
en en SPS00 1
FIGUEROA_Servicio_Técnico_Balay figueroa_servicio_técnico_balay NP00000 1
en en SPS00 1
FIBALAYUEIRA_DE_BARRANCA_Servicio_Técnico_Balay fibalayueira_de_barranca_servicio_técnico_balay NP00000 1
en en SPS00 1
FIBALAYUEIRAS_Servicio_Técnico_Balay fibalayueiras_servicio_técnico_balay NP00000 1
en en SPS00 1
FONTELOS_Servicio_Técnico_Balay fontelos_servicio_técnico_balay NP00000 1
en en SPS00 1
FREIXEIRO_Servicio_Técnico_Balay freixeiro_servicio_técnico_balay NP00000 1
en en SPS00 1
GANDARA_Servicio_Técnico_Balay gandara_servicio_técnico_balay NP00000 1
en en SPS00 1
GOLMAR_Servicio_Técnico_Balay golmar_servicio_técnico_balay NP00000 1
en en SPS00 1
GRAÑA_Servicio_Técnico_Balay graña_servicio_técnico_balay NP00000 1
en en SPS00 1
IMENDE_Servicio_Técnico_Balay imende_servicio_técnico_balay NP00000 1
en en SPS00 1
LEIRO_Servicio_Técnico_Balay leiro_servicio_técnico_balay NP00000 1
en en SPS00 1
LEMAIO_Servicio_Técnico_Balay lemaio_servicio_técnico_balay NP00000 1
en en SPS00 1
LENDO_Servicio_Técnico_Balay lendo_servicio_técnico_balay NP00000 1
en en SPS00 1
LESTON_Servicio_Técnico_Balay leston_servicio_técnico_balay NP00000 1
en en SPS00 1
LIMODRE_Servicio_Técnico_Balay limodre_servicio_técnico_balay NP00000 1
en en SPS00 1
LOURDES_Servicio_Técnico_Balay lourdes_servicio_técnico_balay NP00000 1
en en SPS00 1
LOUREIROS_Servicio_Técnico_Balay loureiros_servicio_técnico_balay NP00000 1
en en SPS00 1
MABEGONDO_Servicio_Técnico_Balay mabegondo_servicio_técnico_balay NP00000 1
en en SPS00 1
LUCIN_Servicio_Técnico_Balay lucin_servicio_técnico_balay NP00000 1
en en SPS00 1
MATASUERIO_Servicio_Técnico_Balay matasuerio_servicio_técnico_balay NP00000 1
en en SPS00 1
MEIRAMA_Servicio_Técnico_Balay meirama_servicio_técnico_balay NP00000 1
en en SPS00 1
MEIRAS_Servicio_Técnico_Balay meiras_servicio_técnico_balay NP00000 1
en en SPS00 1
MERA_Servicio_Técnico_Balay mera_servicio_técnico_balay NP00000 1
en en SPS00 1
MERCURIN_Servicio_Técnico_Balay mercurin_servicio_técnico_balay NP00000 1
en en SPS00 1
MESON_DO_VENTO_Servicio_Técnico_Balay meson_do_vento_servicio_técnico_balay NP00000 1
en en SPS00 1
MIÑO_Servicio_Técnico_Balay miño_servicio_técnico_balay NP00000 1
en en SPS00 1
MOAR_Servicio_Técnico_Balay moar_servicio_técnico_balay NP00000 1
en en SPS00 1
MONDEGO_Servicio_Técnico_Balay mondego_servicio_técnico_balay NP00000 1
en en SPS00 1
MONTE_Servicio_Técnico_Balay monte_servicio_técnico_balay NP00000 1
en en SPS00 1
MONTEMAIOR_Servicio_Técnico_Balay montemaior_servicio_técnico_balay NP00000 1
en en SPS00 1
MORAS_Servicio_Técnico_Balay moras_servicio_técnico_balay NP00000 1
en en SPS00 1
MURO_Servicio_Técnico_Balay muro_servicio_técnico_balay NP00000 1
en en SPS00 1
NOICELA_Servicio_Técnico_Balay noicela_servicio_técnico_balay NP00000 1
en en SPS00 1
O_BOSQUE_Servicio_Técnico_Balay o_bosque_servicio_técnico_balay NP00000 1
en en SPS00 1
O_CAMPO_Servicio_Técnico_Balay o_campo_servicio_técnico_balay NP00000 1
en en SPS00 1
OIS_Servicio_Técnico_Balay ois_servicio_técnico_balay NP00000 1
en en SPS00 1
OLEIROS_Servicio_Técnico_Balay oleiros_servicio_técnico_balay NP00000 1
en en SPS00 1
ORDES_Servicio_Técnico_Balay ordes_servicio_técnico_balay NP00000 1
en en SPS00 1
ORRO_Servicio_Técnico_Balay orro_servicio_técnico_balay NP00000 1
en en SPS00 1
ORTO_Servicio_Técnico_Balay orto_servicio_técnico_balay NP00000 1
en en SPS00 1
PROBAOS_Servicio_Técnico_Balay probaos_servicio_técnico_balay NP00000 1
en en SPS00 1
QUEMBRE_Servicio_Técnico_Balay quembre_servicio_técnico_balay NP00000 1
en en SPS00 1
RAZO_Servicio_Técnico_Balay razo_servicio_técnico_balay NP00000 1
en en SPS00 1
REBORIDO_Servicio_Técnico_Balay reborido_servicio_técnico_balay NP00000 1
en en SPS00 1
ROADE_Servicio_Técnico_Balay roade_servicio_técnico_balay NP00000 1
en en SPS00 1
ROXAL_Servicio_Técnico_Balay roxal_servicio_técnico_balay NP00000 1
en en SPS00 1
SACRO_Servicio_Técnico_Balay sacro_servicio_técnico_balay NP00000 1
en en SPS00 1
SADA_Servicio_Técnico_Balay sada_servicio_técnico_balay NP00000 1
en en SPS00 1
SAN_PEDRO_DE_NOS_Servicio_Técnico_Balay san_pedro_de_nos_servicio_técnico_balay NP00000 1
en en SPS00 1
SANTA_CATALINA_Servicio_Técnico_Balay santa_catalina_servicio_técnico_balay NP00000 1
en en SPS00 1
SANTA_COMBA_Servicio_Técnico_Balay santa_comba_servicio_técnico_balay NP00000 1
en en SPS00 1
SANTISO_Servicio_Técnico_Balay santiso_servicio_técnico_balay NP00000 1
en en SPS00 1
SEIXO_Servicio_Técnico_Balay seixo_servicio_técnico_balay NP00000 1
en en SPS00 1
SERGUDE_Servicio_Técnico_Balay sergude_servicio_técnico_balay NP00000 1
en en SPS00 1
SERRA_Servicio_Técnico_Balay serra_servicio_técnico_balay NP00000 1
en en SPS00 1
SUEVOS_Servicio_Técnico_Balay suevos_servicio_técnico_balay NP00000 1
en en SPS00 1
TAL_Servicio_Técnico_Balay tal_servicio_técnico_balay NP00000 1
en en SPS00 1
TOQUES_Servicio_Técnico_Balay toques_servicio_técnico_balay NP00000 1
en en SPS00 1
TORAS_Servicio_Técnico_Balay toras_servicio_técnico_balay NP00000 1
en en SPS00 1
TORRES_Servicio_Técnico_Balay torres_servicio_técnico_balay NP00000 1
en en SPS00 1
UXES_Servicio_Técnico_Balay uxes_servicio_técnico_balay NP00000 1
en en SPS00 1
VARELAS_Servicio_Técnico_Balay varelas_servicio_técnico_balay NP00000 1
en en SPS00 1
VEIGUE_Servicio_Técnico_Balay veigue_servicio_técnico_balay NP00000 1
en en SPS00 1
VELOUZAS_Servicio_Técnico_Balay velouzas_servicio_técnico_balay NP00000 1
en en SPS00 1
VICESO_Servicio_Técnico_Balay viceso_servicio_técnico_balay NP00000 1
en en SPS00 1
VILACOVA_Servicio_Técnico_Balay vilacova_servicio_técnico_balay NP00000 1
en en SPS00 1
VILAÑO_Servicio_Técnico_Balay vilaño_servicio_técnico_balay NP00000 1
en en SPS00 1
VILANOVA_Servicio_Técnico_Balay vilanova_servicio_técnico_balay NP00000 1
en en SPS00 1
VILAR_Servicio_Técnico_Balay vilar_servicio_técnico_balay NP00000 1
en en SPS00 1
VILARIÑO_Servicio_Técnico_Balay vilariño_servicio_técnico_balay NP00000 1
en en SPS00 1
VILARMAIOR_Servicio_Técnico_Balay vilarmaior_servicio_técnico_balay NP00000 1
en en SPS00 1
VILARRUBE_Servicio_Técnico_Balay vilarrube_servicio_técnico_balay NP00000 1
en en SPS00 1
VILASENIN_Servicio_Técnico_Balay vilasenin_servicio_técnico_balay NP00000 1
en en SPS00 1
VISMA_Servicio_Técnico_Balay visma_servicio_técnico_balay NP00000 1
en en SPS00 1
VITUREIRA_Servicio_Técnico_Balay vitureira_servicio_técnico_balay NP00000 1
en en SPS00 1
VIVENTE_Servicio_Técnico_Balay vivente_servicio_técnico_balay NP00000 1
en en SPS00 1
XANCEDA_Servicio_Técnico_Balay xanceda_servicio_técnico_balay NP00000 1
en en SPS00 1
XESTEDA_Servicio_Técnico_Balay xesteda_servicio_técnico_balay NP00000 1
en en SPS00 1
XIAO_Servicio_Técnico_Balay xiao_servicio_técnico_balay NP00000 1
en en SPS00 1
XUBIA-CASADELOS_SERVICIO_TECNICO xubia-casadelos_servicio_tecnico NP00000 1
, , Fc 1
ASISTENCIA_TECNICA asistencia_tecnica NP00000 1
, , Fc 1
LAVAVAJILLAS_DE_Balay_NO_SECA_BIEN_A_CORUÑA_SERVICIO_TECNICO lavavajillas_de_balay_no_seca_bien_a_coruña_servicio_tecnico NP00000 1
, , Fc 1
ASISTENCIA_TECNICA asistencia_tecnica NP00000 1
, , Fc 1
LAVADORA_DE_Balay_NO_SACA_AGUA_A_CORUÑA_SERVICIO_TECNICO lavadora_de_balay_no_saca_agua_a_coruña_servicio_tecnico NP00000 1
, , Fc 1
ASISTENCIA_TECNICA asistencia_tecnica NP00000 1
, , Fc 1
SECADORA_DE_Balay_NO_SECA_BIEN_A_CORUÑA_SERVICIO_TECNICO secadora_de_balay_no_seca_bien_a_coruña_servicio_tecnico NP00000 1
, , Fc 1
ASISTENCIA_TECNICA asistencia_tecnica NP00000 1
, , Fc 1
FRIGORÍFICO_DE_Balay_NO_ENFRIA_A_CORUÑA_SERVICIO_TECNICO frigorífico_de_balay_no_enfria_a_coruña_servicio_tecnico NP00000 1
, , Fc 1
ASISTENCIA_TECNICA asistencia_tecnica NP00000 1
, , Fc 1
NEVERA_DE_Balay_NO_ENFRIA_BIEN_A_CORUÑA_SERVICIO_TECNICO nevera_de_balay_no_enfria_bien_a_coruña_servicio_tecnico NP00000 1
, , Fc 1
ASISTENCIA_TECNICA asistencia_tecnica NP00000 1
, , Fc 1
LAVAPLATOS_DE_Balay_NO_SECA_BIEN_A_CORUÑA_SERVICIO_TECNICO lavaplatos_de_balay_no_seca_bien_a_coruña_servicio_tecnico NP00000 1
, , Fc 1
ASISTENCIA_TECNICA asistencia_tecnica NP00000 1
, , Fc 1
COMBI_DE_Balay_NO_ENFRIA_A_CORUÑA_SERVICIO_TECNICO combi_de_balay_no_enfria_a_coruña_servicio_tecnico NP00000 1
, , Fc 1
ASISTENCIA_TECNICA asistencia_tecnica NP00000 1
, , Fc 1
MICROONDAS_DE_Balay_NO_CALIENTA_A_CORUÑA_SERVICIO_TECNICO microondas_de_balay_no_calienta_a_coruña_servicio_tecnico NP00000 1
, , Fc 1
ASISTENCIA_TECNICA asistencia_tecnica NP00000 1
, , Fc 1
HORNO_DE_Balay_NO_CALIENTA_A_CORUÑA_SERVICIO_TECNICO horno_de_balay_no_calienta_a_coruña_servicio_tecnico NP00000 1
, , Fc 1
ASISTENCIA_TECNICA asistencia_tecnica NP00000 1
, , Fc 1
CAMPANA_EXTRACTORA_DE_Balay_NO_FUNCIONA_A_CORUÑA_SERVICIO_TECNICO campana_extractora_de_balay_no_funciona_a_coruña_servicio_tecnico NP00000 1
, , Fc 1
ASISTENCIA_TECNICA asistencia_tecnica NP00000 1
, , Fc 1
VITRO_INDUCCION_DE_Balay_NO_FUNCIONA_A_CORUÑA_Los vitro_induccion_de_balay_no_funciona_a_coruña_los NP00000 1
logos logos NCMN000 1
y y CC 0.999962
marcas marca NCFP000 0.973497
de de SPS00 0.999984
cada cada DI0CS0 1
servicio servicio NCMS000 1
expuesto exponer VMP00SM 1
en en SPS00 1
este este DD0MS0 0.960092
website website NCFS000 1
son ser VSIP3P0 0.988842
propiedad propiedad NCFS000 1
de de SPS00 0.999984
Servicio_Técnico_Oficial_Balay_A_CORUÑA servicio_técnico_oficial_balay_a_coruña NP00000 1
y y CC 0.999962
SAT sat NP00000 1
oficial oficial AQ0CS0 0.980769
Balay_A_CORUÑA balay_a_coruña NP00000 1
, , Fc 1
estando estar VAG0000 1
protegidos protegido NCMP000 0.608097
por por SPS00 1
las el DA0FP0 0.970954
Leyes_de_el_Copyright leyes_de_el_copyright NP00000 1
, , Fc 1
así_como así_como CC 1
nuestros nuestro DP1MPP 0.866379
técnicos técnico NCMP000 0.5
estan estan VMIP3P0 1
especializados especializar VMP00PM 1
en en SPS00 1
el el DA0MS0 1
Servicio_Técnico servicio_técnico NP00000 1
y y CC 0.999962
reparación reparación NCFS000 1
de de SPS00 0.999984
la el DA0FS0 0.972269
marca marca NCFS000 0.972603
Balay balay NP00000 1
. . Fp 1

